individual_id,id,latitude,longitude,individual,individual patronym,inscription,start date,end date,Roles
715,Abdera,40.982,24.9523,Apollodoro[s],Pythod[----],D022,-250,,
54,Abdera,40.982,24.9523,Nikomedes,Diodorou,D005,-150,-145,proxenos
54,Abdera,40.982,24.9523,Nikomedes,Diodorou,D005,-150,-145,theoros
102,Abdera,40.982,24.9523,Dionysios,Dio[n]ysiou,D008,-200,-101,proxenos
55,Abdera,40.982,24.9523,Hermogenes,Agathokleious,D005,-150,-145,proxenos
102,Abdera,40.982,24.9523,Dionysios,Dio[n]ysiou,D008,-200,-101,theoros
55,Abdera,40.982,24.9523,Hermogenes,Agathokleious,D005,-150,-145,theoros
103,Abdera,40.982,24.9523,Archagoras,Aristono[u],D008,-200,-101,proxenos
714,Abdera,40.982,24.9523,Eukrates,Herakleidou,D022,-250,,
103,Abdera,40.982,24.9523,Archagoras,Aristono[u],D008,-200,-101,theoros
428,Abydos,40.1957,26.4039,Posideos,Leontidos,D052,,,mystes
423,Abydos,40.1957,26.4039,Theon,Demetriou,D052,,,mystes
418,Abydos,40.1957,26.4039,Menedemos,Menedemou,D052,,,mystes
429,Abydos,40.1957,26.4039,Op[t]es?,Meniskou,D052,,,mystes
424,Abydos,40.1957,26.4039,[He]rmon,Demetriou,D052,,,mystes
419,Abydos,40.1957,26.4039,Philinos,Philinou,D052,,,mystes
425,Abydos,40.1957,26.4039,Kerdon,[A]n[t]imachou,D052,,,mystes
420,Abydos,40.1957,26.4039,An[ti]machos,N[ei]konos,D052,,,mystes
426,Abydos,40.1957,26.4039,Euemeros,Leon[t]idos,D052,,,mystes
421,Abydos,40.1957,26.4039,Apoll[on]ios,De[m]eou,D052,,,mystes
265,Abydos,40.1957,26.4039,Theodosios,Menoikeos,D046,40,45,mystes
427,Abydos,40.1957,26.4039,Bi[th]us,Leontidos,D052,,,mystes
422,Abydos,40.1957,26.4039,Andronikos,Apolloniou,D052,,,mystes
417,Abydos,40.1957,26.4039,Apollophanes,Diodorou,D052,,,mystes
448,"Aigai (Cilicia, per Robert)",36.7686,35.7866,Dionusios,,D053,-200,200,
108,"Aigai (Cilicia, per Robert)",36.7686,35.7866,Nikogenes,Hermogenou (Neoteros),D009,-200,-101,proxenos
108,"Aigai (Cilicia, per Robert)",36.7686,35.7866,Nikogenes,Hermogenou (Neoteros),D009,-200,-101,theoros
109,"Aigai (Cilicia, per Robert)",36.7686,35.7866,[Epigonos],[..]ONATOU,D009,-200,-101,proxenos
109,"Aigai (Cilicia, per Robert)",36.7686,35.7866,[Epigonos],[..]ONATOU,D009,-200,-101,theoros
246,Ainos,40.724899,26.085729,[------]pe,Nikonos,D044,,,mystes
241,Ainos,40.724899,26.085729,,Demetriou,D042,-100,100,mystes
247,Ainos,40.724899,26.085729,[------] ion,Antiphontos,D044,,,mystes
242,Ainos,40.724899,26.085729,,Ro?uphou[-?-],D043,1,300,mystes
248,Ainos,40.724899,26.085729,[------]ion,Dionusiou,D044,,,mystes
243,Ainos,40.724899,26.085729,Kuintia,Milonos,D044,,,mystes
258,Ainos,40.724899,26.085729,Nikolaos,,D045,75,125,mystes
244,Ainos,40.724899,26.085729,Ioulia,Gepaiporon,D044,,,mystes
245,Ainos,40.724899,26.085729,[----]is,Kallikratou,D044,,,mystes
240,Ainos,40.724899,26.085729,,Philotou,D042,-100,100,mystes
163,Alabanda,37.5917,27.9852,[--]n,Iasonos (ho physei Minnionos,D013,-200,-1,proxenos
736,Alabanda,37.5917,27.9852,[A]naxidem[os,[……….],D023,-200,-1,
37,Alabanda,37.5917,27.9852,Lysias,Lysiou tou Lysiou,D005,-150,-145,proxenos
163,Alabanda,37.5917,27.9852,[--]n,Iasonos (ho physei Minnionos,D013,-200,-1,theoros
89,Alabanda,37.5917,27.9852,Dionysios,E[..]Y[------],D007,-200,-101,proxenos
37,Alabanda,37.5917,27.9852,Lysias,Lysiou tou Lysiou,D005,-150,-145,theoros
164,Alabanda,37.5917,27.9852,Pamphilos,Apolloniou,D013,-200,-1,proxenos
89,Alabanda,37.5917,27.9852,Dionysios,E[..]Y[------],D007,-200,-101,theoros
38,Alabanda,37.5917,27.9852,Prionios,Minnionos,D005,-150,-145,proxenos
164,Alabanda,37.5917,27.9852,Pamphilos,Apolloniou,D013,-200,-1,theoros
90,Alabanda,37.5917,27.9852,Dionysios,[------],D007,-200,-101,proxenos
38,Alabanda,37.5917,27.9852,Prionios,Minnionos,D005,-150,-145,theoros
31,Alabanda,37.5917,27.9852,Kratinos,Artemidorou,D004,1,200,proxenos
90,Alabanda,37.5917,27.9852,Dionysios,[------],D007,-200,-101,theoros
735,Alabanda,37.5917,27.9852,[He}rakleotes,[……….],D023,-200,-1,
31,Alabanda,37.5917,27.9852,Kratinos,Artemidorou,D004,1,200,theoros
440,Alexandria,31.2104,29.9074,Kron[i]os,Heliodorou,D053,-200,200,
444,Alexandria,31.2104,29.9074,Demetrios,Apolloniou,D053,-200,200,
445,Alexandria,31.2104,29.9074,Preimos,Apolloniou,D053,-200,200,
439,Alexandria,31.2104,29.9074,Didumos,Didumou,D053,-200,200,
182,Alexandria Troas,39.7594,26.1421,,,D031,,,mystes
450,Alexandria Troas,39.7594,26.1421,Ioul[i]e[i]s,,D054,-41,-12,
276,Alopekonnesos,40.3157,26.2477,Attinas,Diogenou,D047,-100,1,mystes
277,Alopekonnesos,40.3157,26.2477,Andromachos,Kraterou,D047,-100,1,mystes
206,Amphipolis (Maced),40.7624,23.8981,Dionusios,Mantas,D037,-38,43,mystes
457,Amphipolis (Maced),40.7624,23.8981,Kaekelios (Caecilius),Sotas,C017,,,
207,Amphipolis (Maced),40.7624,23.8981,Bithus,Glaukiou,D037,-38,43,mystes
208,Amphipolis (Maced),40.7624,23.8981,Kotus,Glaukiou,D037,-38,43,mystes
203,Amphipolis (Maced),40.7624,23.8981,Glaukias,Apollodorou,D037,-38,43,mystes
209,Amphipolis (Maced),40.7624,23.8981,Apollonios,Glaukiou,D037,-38,43,mystes
204,Amphipolis (Maced),40.7624,23.8981,Kleopatra,Theodotou,D037,-38,43,mystes
210,Amphipolis (Maced),40.7624,23.8981,Metrodoros,Bithuos,D037,-38,43,mystes
205,Amphipolis (Maced),40.7624,23.8981,Glaukias,Glaukiou,D037,-38,43,mystes
211,Amphipolis (Maced),40.7624,23.8981,Athenion,Bithuos,D037,-38,43,mystes
408,Antioch on the Maeander,37.8647,28.5404,[----]os,Aphrodisiou,D051,,,mystes
407,Antioch on the Maeander,37.8647,28.5404,[----]s,Hieronos,D051,,,mystes
556,Apameia Kibotos/Kelainai,38.0677,30.1816,Straton ,,C054,,,priesthood
556,Apameia Kibotos/Kelainai,38.0677,30.1816,Straton ,,C054,,,Archon
415,Arsinoe/Patara,36.2668,29.3178,[----]s,Aristodamo[u],D051,,,mystes
186,Aspendos,36.9394,31.17021,Euporion,Kuaiou,D031,,,mystes
33,Astypalaia,36.5438,26.355,Bakchyllos,No[- -],D004,1,200,theoros
32,Astypalaia,36.5438,26.355,Xenokrates,Polyklei[- - -],D004,1,200,proxenos
34,Astypalaia,36.5438,26.355,Agathokles,Ari[- - -],D004,1,200,proxenos
34,Astypalaia,36.5438,26.355,Agathokles,Ari[- - -],D004,1,200,theoros
32,Astypalaia,36.5438,26.355,Xenokrates,Polyklei[- - -],D004,1,200,theoros
33,Astypalaia,36.5438,26.355,Bakchyllos,No[- -],D004,1,200,proxenos
176,Athens,37.9717,23.7268,Kornelia,Philotrophon,D030,160,180,mystes
195,Azoros,39.9702,22.1004,Parmenisskos,,D035,-200,-101,mystes
44,Bargylia,37.1942,27.5887,Bryon,Hierokleious,D005,-150,-145,proxenos
44,Bargylia,37.1942,27.5887,Bryon,Hierokleious,D005,-150,-145,theoros
148,Bargylia,37.1942,27.5887,Solon,Habronos,D011,-200,-101,proxenos
148,Bargylia,37.1942,27.5887,Solon,Habronos,D011,-200,-101,theoros
43,Bargylia,37.1942,27.5887,Hierokles,Samiadou,D005,-150,-145,proxenos
43,Bargylia,37.1942,27.5887,Hierokles,Samiadou,D005,-150,-145,theoros
194,Beroia,40.522127,22.201493,Gaius Iturios,Poudes,D034,113,113,mystes
212,Beroia,40.522127,22.201493,Peritas,Menandrou,D037,-38,43,mystes
213,Beroia,40.522127,22.201493,Dionusios,Archepoleos,D037,-38,43,mystes
214,Beroia,40.522127,22.201493,Rouphion,<L>eontos,D037,-38,43,mystes
192,Beroia,40.522127,22.201493,Ti. Klaudios,Eulaios,D034,113,113,mystes
215,Beroia,40.522127,22.201493,Alupos,Leontos,D037,-38,43,mystes
193,Beroia,40.522127,22.201493,Oulpia,Alexandra,D034,113,113,mystes
438,Byzantion,41.0097,28.9732,Antiphilos,Antiphilou,D053,-200,200,
441,Byzantion,41.0097,28.9732,Menemachos,Metrodorou,D053,-200,200,
220,Byzantion,41.0097,28.9732,Po.,Kastrikios Amphous,D039,-100,200,mystes
221,Byzantion,41.0097,28.9732,Karpos,Papa,D039,-100,200,mystes
119,Chios Ins.,38.3737,26.1374,Diophantos,Demetriou,D009,-200,-101,theoros
219,Chios Ins.,38.3737,26.1374,Numphodoros,Numphodorou,D038,-200,-1,mystes
122,Chios Ins.,38.3737,26.1374,S[um]machos,Styrakos,D009,-200,-101,proxenos
339,Chios Ins.,38.3737,26.1374,Theokritos,,D049,-200,-1,mystes
323,Chios Ins.,38.3737,26.1374,Menekrates,,D049,-200,-1,mystes
376,Chios Ins.,38.3737,26.1374,[He]sdekestos,Dioskourides,D049,-200,-1,mystes
360,Chios Ins.,38.3737,26.1374,Murmex,,D049,-200,-1,mystes
127,Chios Ins.,38.3737,26.1374,Theodoros,Amyntou,D009,-200,-101,theoros
334,Chios Ins.,38.3737,26.1374,Ourios,,D049,-200,-1,mystes
318,Chios Ins.,38.3737,26.1374,Xenon,,D049,-200,-1,mystes
371,Chios Ins.,38.3737,26.1374,[A]sklepiades,,D049,-200,-1,mystes
355,Chios Ins.,38.3737,26.1374,Angeles,,D049,-200,-1,mystes
313,Chios Ins.,38.3737,26.1374,Nikeratos,,D049,-200,-1,mystes
382,Chios Ins.,38.3737,26.1374,Demetrios,,D049,-200,-1,epoptai
366,Chios Ins.,38.3737,26.1374,Parmeniskos,,D049,-200,-1,mystes
350,Chios Ins.,38.3737,26.1374,N[i]kias,,D049,-200,-1,epoptai
642,Chios Ins.,38.3737,26.1374,[Me]nander,,D089,19,19,mystes
308,Chios Ins.,38.3737,26.1374,Dionusios,,D049,-200,-1,mystes
125,Chios Ins.,38.3737,26.1374,Themison,Themisonos,D009,-200,-101,proxenos
345,Chios Ins.,38.3737,26.1374,Apellikon,,D049,-200,-1,mystes
329,Chios Ins.,38.3737,26.1374,Artemon,,D049,-200,-1,mystes
120,Chios Ins.,38.3737,26.1374,Nikia[s],Metr[o]nos,D009,-200,-101,proxenos
286,Chios Ins.,38.3737,26.1374,Athenaios,Dioskourides,D049,-200,-1,mystes
122,Chios Ins.,38.3737,26.1374,S[um]machos,Styrakos,D009,-200,-101,theoros
340,Chios Ins.,38.3737,26.1374,Theophanes,,D049,-200,-1,mystes
324,Chios Ins.,38.3737,26.1374,Angeles,,D049,-200,-1,mystes
377,Chios Ins.,38.3737,26.1374,Herakleitos,,D049,-200,-1,epoptai
361,Chios Ins.,38.3737,26.1374,Dionusi[os],,D049,-200,-1,mystes
314,Chios Ins.,38.3737,26.1374,Euripides,,D049,-200,-1,mystes
128,Chios Ins.,38.3737,26.1374,Diophantos,Magedatou,D009,-200,-101,proxenos
335,Chios Ins.,38.3737,26.1374,Angeles,,D049,-200,-1,mystes
319,Chios Ins.,38.3737,26.1374,Angeles,,D049,-200,-1,mystes
372,Chios Ins.,38.3737,26.1374,[He]rakleon,,D049,-200,-1,mystes
356,Chios Ins.,38.3737,26.1374,[S]osistr[ato]s,,D049,-200,-1,mystes
330,Chios Ins.,38.3737,26.1374,Antipatros,,D049,-200,-1,mystes
367,Chios Ins.,38.3737,26.1374,[A]pollophanes,,D049,-200,-1,mystes
351,Chios Ins.,38.3737,26.1374,Herakleontes,,D049,-200,-1,epoptai
309,Chios Ins.,38.3737,26.1374,Philon,,D049,-200,-1,mystes
125,Chios Ins.,38.3737,26.1374,Themison,Themisonos,D009,-200,-101,theoros
346,Chios Ins.,38.3737,26.1374,Philistes,,D049,-200,-1,mystes
383,Chios Ins.,38.3737,26.1374,Andromachos,,D049,-200,-1,epoptai
120,Chios Ins.,38.3737,26.1374,Nikia[s],Metr[o]nos,D009,-200,-101,theoros
287,Chios Ins.,38.3737,26.1374,Dionusodoros,,D049,-200,-1,mystes
123,Chios Ins.,38.3737,26.1374,Mentor,Asklepiadou,D009,-200,-101,proxenos
341,Chios Ins.,38.3737,26.1374,Kraton,,D049,-200,-1,mystes
325,Chios Ins.,38.3737,26.1374,Herakleon,,D049,-200,-1,mystes
378,Chios Ins.,38.3737,26.1374,Sarapion,,D049,-200,-1,epoptai
362,Chios Ins.,38.3737,26.1374,Mantauchos,,D049,-200,-1,mystes
315,Chios Ins.,38.3737,26.1374,Dionusios,,D049,-200,-1,mystes
128,Chios Ins.,38.3737,26.1374,Diophantos,Magedatou,D009,-200,-101,theoros
336,Chios Ins.,38.3737,26.1374,Asklepiades,,D049,-200,-1,mystes
320,Chios Ins.,38.3737,26.1374,Antipatros,,D049,-200,-1,mystes
373,Chios Ins.,38.3737,26.1374,[P]raxagoras,,D049,-200,-1,mystes
357,Chios Ins.,38.3737,26.1374,Sosistratos,,D049,-200,-1,mystes
118,Chios Ins.,38.3737,26.1374,Philokrates,Timokritou,D009,-200,-101,proxenos
347,Chios Ins.,38.3737,26.1374,Theophanes,Dioskourides,D049,-200,-1,mystes
331,Chios Ins.,38.3737,26.1374,Neon,,D049,-200,-1,mystes
368,Chios Ins.,38.3737,26.1374,.OM[…..]S,,D049,-200,-1,mystes
352,Chios Ins.,38.3737,26.1374,[Su?]nethios,,D049,-200,-1,epoptai
310,Chios Ins.,38.3737,26.1374,Apollonios,,D049,-200,-1,mystes
126,Chios Ins.,38.3737,26.1374,Ariston,Gorgiou,D009,-200,-101,proxenos
384,Chios Ins.,38.3737,26.1374,Menophilos,,D049,-200,-1,epoptai
288,Chios Ins.,38.3737,26.1374,Philodemos,,D049,-200,-1,mystes
123,Chios Ins.,38.3737,26.1374,Mentor,Asklepiadou,D009,-200,-101,theoros
342,Chios Ins.,38.3737,26.1374,Nikias,,D049,-200,-1,mystes
326,Chios Ins.,38.3737,26.1374,Sosibios,,D049,-200,-1,mystes
379,Chios Ins.,38.3737,26.1374,Herakleon,,D049,-200,-1,epoptai
363,Chios Ins.,38.3737,26.1374,Herak[l…],,D049,-200,-1,mystes
316,Chios Ins.,38.3737,26.1374,Anaxidot[o]s,,D049,-200,-1,mystes
129,Chios Ins.,38.3737,26.1374,Gorgias,Aristonos,D009,-200,-101,proxenos
121,Chios Ins.,38.3737,26.1374,M[….],Antipatrou,D009,-200,-101,proxenos
337,Chios Ins.,38.3737,26.1374,Thoas,,D049,-200,-1,mystes
321,Chios Ins.,38.3737,26.1374,Demeas,,D049,-200,-1,mystes
374,Chios Ins.,38.3737,26.1374,Men[…]os,,D049,-200,-1,mystes
358,Chios Ins.,38.3737,26.1374,[Th]eudas,,D049,-200,-1,mystes
118,Chios Ins.,38.3737,26.1374,Philokrates,Timokritou,D009,-200,-101,theoros
348,Chios Ins.,38.3737,26.1374,[…..]ios,,D049,-200,-1,mystes
332,Chios Ins.,38.3737,26.1374,Angeles,,D049,-200,-1,mystes
369,Chios Ins.,38.3737,26.1374,[.]A[…..]OS,,D049,-200,-1,mystes
353,Chios Ins.,38.3737,26.1374,[A]ngeles,,D049,-200,-1,mystes
311,Chios Ins.,38.3737,26.1374,Dionusios,,D049,-200,-1,mystes
126,Chios Ins.,38.3737,26.1374,Ariston,Gorgiou,D009,-200,-101,theoros
364,Chios Ins.,38.3737,26.1374,[K]allikles,,D049,-200,-1,mystes
385,Chios Ins.,38.3737,26.1374,Theophanes,,D049,-200,-1,epoptai
306,Chios Ins.,38.3737,26.1374,Athenaios,,D049,-200,-1,mystes
124,Chios Ins.,38.3737,26.1374,Dionysios,Dionysiou tou Dionysiou,D009,-200,-101,proxenos
343,Chios Ins.,38.3737,26.1374,Gorgias,,D049,-200,-1,mystes
327,Chios Ins.,38.3737,26.1374,Demonax,,D049,-200,-1,mystes
380,Chios Ins.,38.3737,26.1374,Athenion,,D049,-200,-1,epoptai
119,Chios Ins.,38.3737,26.1374,Diophantos,Demetriou,D009,-200,-101,proxenos
129,Chios Ins.,38.3737,26.1374,Gorgias,Aristonos,D009,-200,-101,theoros
121,Chios Ins.,38.3737,26.1374,M[….],Antipatrou,D009,-200,-101,theoros
338,Chios Ins.,38.3737,26.1374,Theophanes,,D049,-200,-1,mystes
322,Chios Ins.,38.3737,26.1374,Timesipolis,,D049,-200,-1,mystes
375,Chios Ins.,38.3737,26.1374,Herak[les?],,D049,-200,-1,mystes
359,Chios Ins.,38.3737,26.1374,Herakleon,,D049,-200,-1,mystes
349,Chios Ins.,38.3737,26.1374,[……..]des,,D049,-200,-1,mystes
333,Chios Ins.,38.3737,26.1374,Noumenios,,D049,-200,-1,mystes
317,Chios Ins.,38.3737,26.1374,Menon,,D049,-200,-1,mystes
370,Chios Ins.,38.3737,26.1374,[D]e[met]rios,,D049,-200,-1,mystes
354,Chios Ins.,38.3737,26.1374,Angeles,,D049,-200,-1,mystes
312,Chios Ins.,38.3737,26.1374,Philo[xe]nos,,D049,-200,-1,mystes
127,Chios Ins.,38.3737,26.1374,Theodoros,Amyntou,D009,-200,-101,proxenos
381,Chios Ins.,38.3737,26.1374,Pouludamas,,D049,-200,-1,epoptai
365,Chios Ins.,38.3737,26.1374,MAN[…],,D049,-200,-1,mystes
386,Chios Ins.,38.3737,26.1374,Epigonos,,D049,-200,-1,epoptai
307,Chios Ins.,38.3737,26.1374,Apollonios,,D049,-200,-1,mystes
124,Chios Ins.,38.3737,26.1374,Dionysios,Dionysiou tou Dionysiou,D009,-200,-101,theoros
344,Chios Ins.,38.3737,26.1374,Stephanos,,D049,-200,-1,mystes
328,Chios Ins.,38.3737,26.1374,Metrodoros,,D049,-200,-1,mystes
252,Dardanos,40.0851,26.3647,Dionysios,Diodorou,D014,-66,-66,symmystai
249,Dardanos,40.0851,26.3647,Lysimenes,Apollonidou,D014,-66,-66,mystes
292,Dardanos,40.0851,26.3647,Homilos,akolouthos Pausanias,D015,-100,1,akolouthos
107,Dardanos,40.0851,26.3647,Aisimos,Hermogenou,D009,-200,-101,theoros
253,Dardanos,40.0851,26.3647,Menophantos,Philokratous,D014,-66,-66,symmystai
249,Dardanos,40.0851,26.3647,Lysimenes,Apollonidou,D014,-66,-66,theoros
165,Dardanos,40.0851,26.3647,[Me]nelaos,Antenoros,D013,-200,-1,proxenos
254,Dardanos,40.0851,26.3647,Artemidoros,Euemerou,D014,-66,-66,akolouthos
250,Dardanos,40.0851,26.3647,Apollodoros,Deinokleous,D014,-66,-66,mystes
165,Dardanos,40.0851,26.3647,[Me]nelaos,Antenoros,D013,-200,-1,theoros
289,Dardanos,40.0851,26.3647,Pausanias,Diphilou,D015,-100,1,theoros
106,Dardanos,40.0851,26.3647,[Z]opuros,Metrodorou,D009,-200,-101,proxenos
250,Dardanos,40.0851,26.3647,Apollodoros,Deinokleous,D014,-66,-66,theoros
166,Dardanos,40.0851,26.3647,Deiphilos,Meniou,D013,-200,-1,proxenos
290,Dardanos,40.0851,26.3647,Dionysios,Skopiou,D015,-100,1,theoros
106,Dardanos,40.0851,26.3647,[Z]opuros,Metrodorou,D009,-200,-101,theoros
251,Dardanos,40.0851,26.3647,Sokles,Olympiodorou,D014,-66,-66,symmystai
166,Dardanos,40.0851,26.3647,Deiphilos,Meniou,D013,-200,-1,theoros
291,Dardanos,40.0851,26.3647,Antiochos,Skopiou,D015,-100,1,theoros
107,Dardanos,40.0851,26.3647,Aisimos,Hermogenou,D009,-200,-101,proxenos
460,Delos,37.396,25.2712,Helianax,Asklepiodorou,C025,-102,-101,
461,Delos,37.396,25.2712,Dekmos,Stlakkios,C029,,,
506,Delos,37.396,25.2712,Markos, (Rhomaios),C022,-156,-155,
507,Delos,37.396,25.2712,Antidotos,(Tyrios),C022,-156,-155,
458,"Dion, Macedonia",40.174578,22.491133,Lysimachus,,C018,,,
509,Dionysopolis,43.4058,28.1655,,,C011,,,priest of theon ton en Samothaikhi
302,Elis,37.8897,21.374,Aristokrates,Antiphaneos,D016,-200,-1,mystes
302,Elis,37.8897,21.374,Aristokrates,Antiphaneos,D016,-200,-1,theoros
301,Elis,37.8897,21.374,Antandros,Theodorou,D016,-200,-1,mystes
301,Elis,37.8897,21.374,Antandros,Theodorou,D016,-200,-1,theoros
748,Ephesos,37.94,27.3399,Demodotos,Dionysiou,D024,-100,-100,
26,Ephesos,37.94,27.3399,Artemidoros ,[- - -],D004,1,200,proxenos
17,Ephesos,37.94,27.3399,Themistagoras ,Euelthontos,D002,-200,-1,proxenos
728,Ephesos,37.94,27.3399,Erasinnides,Erasinnidou,D023,-200,-1,
78,Ephesos,37.94,27.3399,[A]pollodoros,Nikesandrou,D005,-150,-145,theoros
401,Ephesos,37.94,27.3399,Dion[usi]os,,D050,-137,-1,mystes
76,Ephesos,37.94,27.3399,Theodotos,Badromiou,D005,-150,-145,proxenos
26,Ephesos,37.94,27.3399,Artemidoros ,[- - -],D004,1,200,theoros
729,Ephesos,37.94,27.3399,Apollonides,Knossou,D023,-200,-1,
8,Ephesos,37.94,27.3399,Isodikos,Sa[- - -],D001,-200,-101,proxenos
403,Ephesos,37.94,27.3399,Eusues,,D050,-137,-1,mystes
76,Ephesos,37.94,27.3399,Theodotos,Badromiou,D005,-150,-145,theoros
27,Ephesos,37.94,27.3399,Hegesias ,Metr[o- -],D004,1,200,proxenos
730,Ephesos,37.94,27.3399,Herakleides,Epikratou,D023,-200,-1,
17,Ephesos,37.94,27.3399,Themistagoras ,Euelthontos,D002,-200,-1,theoros
8,Ephesos,37.94,27.3399,Isodikos,Sa[- - -],D001,-200,-101,theoros
404,Ephesos,37.94,27.3399,[Ag]athangelos,,D050,-137,-1,mystes
77,Ephesos,37.94,27.3399,Artemidoros ,Artemidorou,D005,-150,-145,proxenos
27,Ephesos,37.94,27.3399,Hegesias ,Metr[o- -],D004,1,200,theoros
746,Ephesos,37.94,27.3399,Sositheos,Herakleidou,D024,-100,-100,
25,Ephesos,37.94,27.3399,Chairephon ,Ly[- - -],D004,1,200,proxenos
16,Ephesos,37.94,27.3399,Theophis ,Nikostratou,D002,-200,-1,proxenos
9,Ephesos,37.94,27.3399,Hermagoras,,D001,-200,-101,proxenos
7,Ephesos,37.94,27.3399,Herakleitos,,D001,-200,-101,proxenos
77,Ephesos,37.94,27.3399,Artemidoros ,Artemidorou,D005,-150,-145,theoros
28,Ephesos,37.94,27.3399,Menekrates ,[- -],D004,1,200,proxenos
747,Ephesos,37.94,27.3399,Artemidoros,Xeniou,D024,-100,-100,
25,Ephesos,37.94,27.3399,Chairephon ,Ly[- - -],D004,1,200,theoros
16,Ephesos,37.94,27.3399,Theophis ,Nikostratou,D002,-200,-1,theoros
9,Ephesos,37.94,27.3399,Hermagoras,,D001,-200,-101,theoros
7,Ephesos,37.94,27.3399,Herakleitos,,D001,-200,-101,theoros
78,Ephesos,37.94,27.3399,[A]pollodoros,Nikesandrou,D005,-150,-145,proxenos
28,Ephesos,37.94,27.3399,Menekrates ,[- -],D004,1,200,theoros
190,Epidamnos,41.3125,19.4452,Ateirio…,Chre…,D032,,,mystes
187,Epidamnos,41.3125,19.4452,Philon,AST…,D032,,,mystes
188,Epidamnos,41.3125,19.4452,Lusion,E…,D032,,,mystes
189,Epidamnos,41.3125,19.4452,Sosi[la]os,Parmenio[nos],D032,,,mystes
135,Eresos,39.1359,25.9341,Archelaos,Aristonaktos,D010,-200,-1,proxenos
135,Eresos,39.1359,25.9341,Archelaos,Aristonaktos,D010,-200,-1,theoros
130,Eresos,39.1359,25.9341,Agesimenes,Bakchou,D009,-200,-101,proxenos
136,Eresos,39.1359,25.9341,Agelaos,Eumedontos,D010,-200,-1,proxenos
130,Eresos,39.1359,25.9341,Agesimenes,Bakchou,D009,-200,-101,theoros
136,Eresos,39.1359,25.9341,Agelaos,Eumedontos,D010,-200,-1,theoros
131,Eresos,39.1359,25.9341,Protion,Naionos,D009,-200,-101,proxenos
131,Eresos,39.1359,25.9341,Protion,Naionos,D009,-200,-101,theoros
756,Erythrai,38.3821,26.478,Arista[goras], ,D025,,,
757,Erythrai,38.3821,26.478,Euthyda[mas],  ,D025,,,
755,Erythrai,38.3821,26.478,Diago[ras], ,D025,,,
93,Halikarnassos,37.0253,27.412,Antipatros,Phanippou,D008,-200,-101,proxenos
11,Halikarnassos,37.0253,27.412,Menekrates,Menekratou tou Metrod|[orou],D002,-200,-1,proxenos
13,Halikarnassos,37.0253,27.412,Menodotos ,Apolloniou,D002,-200,-1,theoros
117,Halikarnassos,37.0253,27.412,Hierokles,Hierokleious tou Menestratou,D009,-200,-101,proxenos
93,Halikarnassos,37.0253,27.412,Antipatros,Phanippou,D008,-200,-101,theoros
114,Halikarnassos,37.0253,27.412,Hierokles,Demetriou,D009,-200,-101,theoros
11,Halikarnassos,37.0253,27.412,Menekrates,Menekratou tou Metrod|[orou],D002,-200,-1,theoros
158,Halikarnassos,37.0253,27.412,[--]nias,Melantou,D013,-200,-1,proxenos
117,Halikarnassos,37.0253,27.412,Hierokles,Hierokleious tou Menestratou,D009,-200,-101,theoros
94,Halikarnassos,37.0253,27.412,Hierok[l]es,Menoitou,D008,-200,-101,proxenos
115,Halikarnassos,37.0253,27.412,Hierokles,Menestratou,D009,-200,-101,proxenos
114,Halikarnassos,37.0253,27.412,Hierokles,Demetriou,D009,-200,-101,proxenos
158,Halikarnassos,37.0253,27.412,[--]nias,Melantou,D013,-200,-1,theoros
12,Halikarnassos,37.0253,27.412,Phyles ,Hermiou,D002,-200,-1,proxenos
94,Halikarnassos,37.0253,27.412,Hierok[l]es,Menoitou,D008,-200,-101,theoros
115,Halikarnassos,37.0253,27.412,Hierokles,Menestratou,D009,-200,-101,theoros
159,Halikarnassos,37.0253,27.412,Moschos,Moschou,D013,-200,-1,proxenos
12,Halikarnassos,37.0253,27.412,Phyles ,Hermiou,D002,-200,-1,theoros
95,Halikarnassos,37.0253,27.412,Antipatros,Antipatrou,D008,-200,-101,proxenos
116,Halikarnassos,37.0253,27.412,Hierokles,Menestratou tou Perikleious,D009,-200,-101,proxenos
159,Halikarnassos,37.0253,27.412,Moschos,Moschou,D013,-200,-1,theoros
13,Halikarnassos,37.0253,27.412,Menodotos ,Apolloniou,D002,-200,-1,proxenos
95,Halikarnassos,37.0253,27.412,Antipatros,Antipatrou,D008,-200,-101,theoros
116,Halikarnassos,37.0253,27.412,Hierokles,Menestratou tou Perikleious,D009,-200,-101,theoros
197,Herakleia apo Strymonos,41.2731,23.2993,M. Horphidios,Agesilaos,D036,101,300,mystes
66,Iasos,37.2808,27.5844,Billaros,Eumenous,D005,-150,-145,theoros
67,Iasos,37.2808,27.5844,Antileon,Menekratou,D005,-150,-145,proxenos
67,Iasos,37.2808,27.5844,Antileon,Menekratou,D005,-150,-145,theoros
66,Iasos,37.2808,27.5844,Billaros,Eumenous,D005,-150,-145,proxenos
177,Imbros,40.2357,25.9118,Sotos Botros,Daidalides,D030,160,180,mystes
171,Imbros,40.2357,25.9118,Eisidoros,Philokratous,D030,160,180,mystes
178,Imbros,40.2357,25.9118,Poplios,Erennios,D030,160,180,epoptai
172,Imbros,40.2357,25.9118,Asklepiades,Menodorou,D030,160,180,mystes
179,Imbros,40.2357,25.9118,Leonteus,Asdenieus,D030,160,180,epoptai
173,Imbros,40.2357,25.9118,Euschemon,Chrusepotos,D030,160,180,mystes
180,Imbros,40.2357,25.9118,Klaros,Klarou Aixoneus,D030,160,180,epoptai
174,Imbros,40.2357,25.9118,Kornelios,Adeimantos,D030,160,180,mystes
169,Imbros,40.2357,25.9118,Isidoros,Nikostratou,D029,-200,-1,mystes
181,Imbros,40.2357,25.9118,Ioulios,Hermippos,D030,160,180,epoptai
175,Imbros,40.2357,25.9118,Kornelia Alexandra,Korneliou Adeimantou,D030,160,180,mystes
170,Imbros,40.2357,25.9118,Socrates,Archelaos,D030,160,180,mystes
454,Istros,44.5469,28.773,Dionysios,Strouthionos,C004,-200,-101,
724,Kalchedon/Chalcedon,40.9856,29.028,Am[----,[------]onos,D022,-250,,
725,Kalchedon/Chalcedon,40.9856,29.028,Filophanes,[Py?[rrinou,D022,-250,,
726,Kalchedon/Chalcedon,40.9856,29.028,Diogenes,Menyllou,D022,-250,,
727,Kalchedon/Chalcedon,40.9856,29.028,Pisikrates,Eutimou,D022,-250,,
554,Kalchedon/Chalcedon,40.9856,29.028,,,C044,,,priest of Theon Samothraikon
523,Karpathos (Tristomo),35.8219,27.2226,Philiskos,Kleinou,C042,-200,-175,priest of Theon Samothraikon
544,Karpathos (Tristomo),35.8219,27.2226,Nikanor,Polimnastou,C042,-200,-175,priest of Theon Samothraikon
539,Karpathos (Tristomo),35.8219,27.2226,Charmadas,Epikleus,C042,-200,-175,priest of Theon Samothraikon
518,Karpathos (Tristomo),35.8219,27.2226,Arkesilas,Archimbrotou,C042,-200,-175,priest of Theon Samothraikon
529,Karpathos (Tristomo),35.8219,27.2226,Philiskos,Timasidikou,C042,-200,-175,priest of Theon Samothraikon
513,Karpathos (Tristomo),35.8219,27.2226,Agora,Kratistola,C042,-200,-175,priest of Theon Samothraikon
534,Karpathos (Tristomo),35.8219,27.2226,Thersippos,Thersagora,C042,-200,-175,priest of Theon Samothraikon
524,Karpathos (Tristomo),35.8219,27.2226,Aristolaidas,Pratagora,C042,-200,-175,priest of Theon Samothraikon
545,Karpathos (Tristomo),35.8219,27.2226,Aristokrates,Taxistou,C042,-200,-175,priest of Theon Samothraikon
540,Karpathos (Tristomo),35.8219,27.2226,Kallikrates,Anaxikleitou,C042,-200,-175,priest of Theon Samothraikon
519,Karpathos (Tristomo),35.8219,27.2226,Tharsagoras,Stasimbrotou,C042,-200,-175,priest of Theon Samothraikon
530,Karpathos (Tristomo),35.8219,27.2226,Pollis,Neupolios,C042,-200,-175,priest of Theon Samothraikon
514,Karpathos (Tristomo),35.8219,27.2226,Archiades,Simiada,C042,-200,-175,priest of Theon Samothraikon
535,Karpathos (Tristomo),35.8219,27.2226,Xenogeiton,Diokleus,C042,-200,-175,priest of Theon Samothraikon
525,Karpathos (Tristomo),35.8219,27.2226,Diogenes,Diogenetou,C042,-200,-175,priest of Theon Samothraikon
546,Karpathos (Tristomo),35.8219,27.2226,Choronikos,Praxippou,C042,-200,-175,priest of Theon Samothraikon
520,Karpathos (Tristomo),35.8219,27.2226,Philtation,Hagesandrou,C042,-200,-175,priest of Theon Samothraikon
541,Karpathos (Tristomo),35.8219,27.2226,Aristomenes,Antisimou,C042,-200,-175,priest of Theon Samothraikon
536,Karpathos (Tristomo),35.8219,27.2226,Antiochidas,,C042,-200,-175,priest of Theon Samothraikon
531,Karpathos (Tristomo),35.8219,27.2226,Phileratos,Kleinia,C042,-200,-175,priest of Theon Samothraikon
515,Karpathos (Tristomo),35.8219,27.2226,Stration ,Eumachou,C042,-200,-175,priest of Theon Samothraikon
526,Karpathos (Tristomo),35.8219,27.2226,Nikarchos,Iphidamou,C042,-200,-175,priest of Theon Samothraikon
547,Karpathos (Tristomo),35.8219,27.2226,Epip….tou,,C042,-200,-175,priest of Theon Samothraikon
521,Karpathos (Tristomo),35.8219,27.2226,Moschos,Moschionos,C042,-200,-175,priest of Theon Samothraikon
542,Karpathos (Tristomo),35.8219,27.2226,Asklapiadas,Kleukrateus,C042,-200,-175,priest of Theon Samothraikon
537,Karpathos (Tristomo),35.8219,27.2226,Eukles,,C042,-200,-175,priest of Theon Samothraikon
532,Karpathos (Tristomo),35.8219,27.2226,Polykles,Polykleus,C042,-200,-175,priest of Theon Samothraikon
516,Karpathos (Tristomo),35.8219,27.2226,Kreon,Damokreonos,C042,-200,-175,priest of Theon Samothraikon
527,Karpathos (Tristomo),35.8219,27.2226,Lamachos,Machaonos,C042,-200,-175,priest of Theon Samothraikon
548,Karpathos (Tristomo),35.8219,27.2226,Pol….,,C042,-200,-175,priest of Theon Samothraikon
522,Karpathos (Tristomo),35.8219,27.2226,Polymnastos,Polygnotou,C042,-200,-175,priest of Theon Samothraikon
543,Karpathos (Tristomo),35.8219,27.2226,Phereponos,Kantakleus,C042,-200,-175,priest of Theon Samothraikon
538,Karpathos (Tristomo),35.8219,27.2226,Nikeratos,Aischilou,C042,-200,-175,priest of Theon Samothraikon
533,Karpathos (Tristomo),35.8219,27.2226,Damocharis,Stasikleus,C042,-200,-175,priest of Theon Samothraikon
517,Karpathos (Tristomo),35.8219,27.2226,Menekrates,Telesonos,C042,-200,-175,priest of Theon Samothraikon
528,Karpathos (Tristomo),35.8219,27.2226,Archemachos,Archekrateus,C042,-200,-175,priest of Theon Samothraikon
512,Karpathos (Tristomo),35.8219,27.2226,Kallianaktos,,C042,-200,-175,priest of theon Samothraikon
196,Kassandreia,40.195,23.325,Menulla,Hippostratou,D035,-200,-101,mystes
161,Kaunos,36.8076,28.6039,Bellerophontes,Agios,D013,-200,-1,proxenos
713,Kaunos,36.8076,28.6039,Ly[….],Pantaleontos,D022,-250,,
52,Kaunos,36.8076,28.6039,Hermokrates,Zenonos,D005,-150,-145,proxenos
161,Kaunos,36.8076,28.6039,Bellerophontes,Agios,D013,-200,-1,theoros
52,Kaunos,36.8076,28.6039,Hermokrates,Zenonos,D005,-150,-145,theoros
162,Kaunos,36.8076,28.6039,[--]as,Timonos,D013,-200,-1,proxenos
53,Kaunos,36.8076,28.6039,Hermon,Kydiou,D005,-150,-145,proxenos
162,Kaunos,36.8076,28.6039,[--]as,Timonos,D013,-200,-1,theoros
160,Kaunos,36.8076,28.6039,[--],Purrichou,D013,-200,-1,proxenos
53,Kaunos,36.8076,28.6039,Hermon,Kydiou,D005,-150,-145,theoros
51,Kaunos,36.8076,28.6039,Antipatros,Iatrokleious tou Hephaistionos,D005,-150,-145,proxenos
160,Kaunos,36.8076,28.6039,[--],Purrichou,D013,-200,-1,theoros
712,Kaunos,36.8076,28.6039,[------]ion,Boiskou,D022,-250,,
51,Kaunos,36.8076,28.6039,Antipatros,Iatrokleious tou Hephaistionos,D005,-150,-145,theoros
167,Keramos,37.0411,27.9508,Hierokles,Demetriou tou Mosch[--],D013,-200,-1,mystes
167,Keramos,37.0411,27.9508,Hierokles,Demetriou tou Mosch[--],D013,-200,-1,theoros
168,Keramos,37.0411,27.9508,Aristomenes,Aristomenous,D013,-200,-1,mystes
168,Keramos,37.0411,27.9508,Aristomenes,Aristomenous,D013,-200,-1,theoros
711,Klazomenai,38.3677,26.7839,Artemon,[----]phanous,D022,-250,,
29,Klazomenai,38.3677,26.7839,Apolonides ,Demetriou,D004,1,200,theoros
149,Klazomenai,38.3677,26.7839,Metrodoros,Athenagorou,D011,-200,-101,proxenos
96,Klazomenai,38.3677,26.7839,Simon,Kleoboulou,D008,-200,-101,proxenos
30,Klazomenai,38.3677,26.7839,Pythion ,Hermogenous,D004,1,200,proxenos
149,Klazomenai,38.3677,26.7839,Metrodoros,Athenagorou,D011,-200,-101,theoros
96,Klazomenai,38.3677,26.7839,Simon,Kleoboulou,D008,-200,-101,theoros
30,Klazomenai,38.3677,26.7839,Pythion ,Hermogenous,D004,1,200,theoros
150,Klazomenai,38.3677,26.7839,Pythermos,Phanopolios,D011,-200,-101,proxenos
97,Klazomenai,38.3677,26.7839,Asklepiades,Apollo[---],D008,-200,-101,proxenos
709,Klazomenai,38.3677,26.7839,Heragiton,Demetriou,D022,-250,,
150,Klazomenai,38.3677,26.7839,Pythermos,Phanopolios,D011,-200,-101,theoros
97,Klazomenai,38.3677,26.7839,Asklepiades,Apollo[---],D008,-200,-101,theoros
710,Klazomenai,38.3677,26.7839,Telephanes,Metrodorou,D022,-250,,
29,Klazomenai,38.3677,26.7839,Apolonides ,Demetriou,D004,1,200,proxenos
708,Kolophon,38.0051,27.1931,[----]onios,[…]p[..]iou,D022,-250,,
14,Kolophon,38.0051,27.1931,Nikanor ,Menophilou,D002,-200,-1,theoros
137,Kolophon,38.0051,27.1931,Metrodoros,Dorotheou,D010,-200,-1,proxenos
15,Kolophon,38.0051,27.1931,Bistha<r>os ,Apolla,D002,-200,-1,proxenos
137,Kolophon,38.0051,27.1931,Metrodoros,Dorotheou,D010,-200,-1,theoros
15,Kolophon,38.0051,27.1931,Bistha<r>os ,Apolla,D002,-200,-1,theoros
138,Kolophon,38.0051,27.1931,Demetrios,Menophantou,D010,-200,-1,proxenos
561,Kolophon,38.0051,27.1931,Mene[---],,D020,-200,-100,theoros
138,Kolophon,38.0051,27.1931,Demetrios,Menophantou,D010,-200,-1,theoros
707,Kolophon,38.0051,27.1931,[------],Herod[------],D022,-250,,
14,Kolophon,38.0051,27.1931,Nikanor ,Menophilou,D002,-200,-1,proxenos
557,Koptos Egypt,25.995,32.8152,Apollonios,Sosibiou,C057,,,priesthood
557,Koptos Egypt,25.995,32.8152,Apollonios,Sosibiou,C057,,,Theois megalois Samothraiki
86,Kos,36.8934,27.2905,Phainippos,Demokrat[ou],D006,-200,-101,theoros
60,Kos,36.8934,27.2905,Agesikrates,Euphronos,D005,-150,-145,proxenos
147,Kos,36.8934,27.2905,Anthippos,Timoxenou,D011,-200,-101,theoros
87,Kos,36.8934,27.2905,Kallikrates,Philippi[dou],D006,-200,-101,proxenos
60,Kos,36.8934,27.2905,Agesikrates,Euphronos,D005,-150,-145,theoros
35,Kos,36.8934,27.2905,Aristophylos,Ai[- - -],D004,1,200,proxenos
87,Kos,36.8934,27.2905,Kallikrates,Philippi[dou],D006,-200,-101,theoros
61,Kos,36.8934,27.2905,Apatourios,Apatouriou,D005,-150,-145,proxenos
35,Kos,36.8934,27.2905,Aristophylos,Ai[- - -],D004,1,200,theoros
146,Kos,36.8934,27.2905,Phrasides,Lykourgou,D011,-200,-101,proxenos
61,Kos,36.8934,27.2905,Apatourios,Apatouriou,D005,-150,-145,theoros
59,Kos,36.8934,27.2905,Eukleides,Antigonou,D005,-150,-145,proxenos
146,Kos,36.8934,27.2905,Phrasides,Lykourgou,D011,-200,-101,theoros
86,Kos,36.8934,27.2905,Phainippos,Demokrat[ou],D006,-200,-101,proxenos
59,Kos,36.8934,27.2905,Eukleides,Antigonou,D005,-150,-145,theoros
147,Kos,36.8934,27.2905,Anthippos,Timoxenou,D011,-200,-101,proxenos
5,Kyme,38.760689,26.939219,Phaennes ,Ikesiou,D001,-200,-101,theoros
39,Kyme,38.760689,26.939219,Apollophanes,Apollodorou,D005,-150,-145,proxenos
6,Kyme,38.760689,26.939219,[Ph]aennes,Phaennou tou Ikesiou,D001,-200,-101,proxenos
39,Kyme,38.760689,26.939219,Apollophanes,Apollodorou,D005,-150,-145,theoros
139,Kyme,38.760689,26.939219,Artemidoros,Apollonidou,D010,-200,-1,proxenos
6,Kyme,38.760689,26.939219,[Ph]aennes,Phaennou tou Ikesiou,D001,-200,-101,theoros
40,Kyme,38.760689,26.939219,Theodoros,Philodoxou tou Philoxenou,D005,-150,-145,proxenos
139,Kyme,38.760689,26.939219,Artemidoros,Apollonidou,D010,-200,-1,theoros
40,Kyme,38.760689,26.939219,Theodoros,Philodoxou tou Philoxenou,D005,-150,-145,theoros
140,Kyme,38.760689,26.939219,Ap[ollonides],Apollonidou,D010,-200,-1,proxenos
5,Kyme,38.760689,26.939219,Phaennes ,Ikesiou,D001,-200,-101,proxenos
140,Kyme,38.760689,26.939219,Ap[ollonides],Apollonidou,D010,-200,-1,theoros
113,Kyzikos,40.3964,27.8855,Maiandrios,Agenorus,D009,-200,-101,theoros
733,Kyzikos,40.3964,27.8855,Meniskos,Men[……],D023,-200,-1,
155,Kyzikos,40.3964,27.8855,[---]NOS,Poseideou,D012,-200,-175,theoros
133,Kyzikos,40.3964,27.8855,Parmeniskos,Aristeos,D010,-200,-1,proxenos
734,Kyzikos,40.3964,27.8855,Herakleides,NA[……],D023,-200,-1,
156,Kyzikos,40.3964,27.8855,[--]doros,Midiou,D013,-200,-1,proxenos
133,Kyzikos,40.3964,27.8855,Parmeniskos,Aristeos,D010,-200,-1,theoros
112,Kyzikos,40.3964,27.8855,Nikogenes,Attalou,D009,-200,-101,proxenos
156,Kyzikos,40.3964,27.8855,[--]doros,Midiou,D013,-200,-1,theoros
134,Kyzikos,40.3964,27.8855,Philoxenos,Philoxenou,D010,-200,-1,proxenos
112,Kyzikos,40.3964,27.8855,Nikogenes,Attalou,D009,-200,-101,theoros
157,Kyzikos,40.3964,27.8855,Arxippos,Aristionos,D013,-200,-1,proxenos
134,Kyzikos,40.3964,27.8855,Philoxenos,Philoxenou,D010,-200,-1,theoros
113,Kyzikos,40.3964,27.8855,Maiandrios,Agenorus,D009,-200,-101,proxenos
157,Kyzikos,40.3964,27.8855,Arxippos,Aristionos,D013,-200,-1,theoros
155,Kyzikos,40.3964,27.8855,[---]NOS,Poseideou,D012,-200,-175,proxenos
742,Lampsakos,40.3527,26.6938,Aischylos,Aischrionos,D024,-100,-100,
737,Lampsakos,40.3527,26.6938,Memnonides,[……….],D023,-200,-1,
738,Lampsakos,40.3527,26.6938,Dosithe[os],[……….],D023,-200,-1,
741,Lampsakos,40.3527,26.6938,Artemidoros,[Kr]antoros,D024,-100,-100,
1,Larisa Thessaly ?,39.6309,22.4264,_ras ,Aristomenous,D001,-200,-101,proxenos
4,Larisa Thessaly ?,39.6309,22.4264,Demetrios ,Nikolaou,D001,-200,-101,proxenos
1,Larisa Thessaly ?,39.6309,22.4264,_ras ,Aristomenous,D001,-200,-101,theoros
4,Larisa Thessaly ?,39.6309,22.4264,Demetrios ,Nikolaou,D001,-200,-101,theoros
2,Larisa Thessaly ?,39.6309,22.4264,[Eud]demos ,Eudemou,D001,-200,-101,proxenos
2,Larisa Thessaly ?,39.6309,22.4264,[Eud]demos ,Eudemou,D001,-200,-101,theoros
3,Larisa Thessaly ?,39.6309,22.4264,[A]ntigonos ,Thersippou,D001,-200,-101,proxenos
3,Larisa Thessaly ?,39.6309,22.4264,[A]ntigonos ,Thersippou,D001,-200,-101,theoros
502,Lindos,36.0936,28.0909,Hippokrateus, ,C040,-300,-201,priest of Apollo Pythaeos
503,Lindos,36.0936,28.0909,Aristomachos,Alexandrou,C040,-300,-201,archierothutas
504,Lindos,36.0936,28.0909,Aristokrates,Polyxenou,C040,-300,-201,priest of Sarapis
505,Lindos,36.0936,28.0909,Damopheles,Peisylou,C040,-300,-201,
508,Lindos,36.0936,28.0909,Damokrates,….[lou],C041,-215,-215,priest of Theon Samothraikon
443,Magnesia ad Maeandrum/Leukophrys,37.85055,27.52604,Alexandros,Hikesiou,D053,-200,200,
228,Maroneia,40.8776,25.5177,Posidonios,,D040,64,65,mystes
47,Maroneia,40.8776,25.5177,Diodotos,Zenonos,D005,-150,-145,theoros
236,Maroneia,40.8776,25.5177,Sei[…],Dionusikleiou,D041,75,125,mystes
229,Maroneia,40.8776,25.5177,Stratoneike,,D040,64,65,mystes
48,Maroneia,40.8776,25.5177,Dorkos,Metrodotou,D005,-150,-145,proxenos
100,Maroneia,40.8776,25.5177,Epikrates,Haliarchou,D008,-200,-101,proxenos
237,Maroneia,40.8776,25.5177,Tiouta,Entimou,D041,75,125,mystes
230,Maroneia,40.8776,25.5177,Aspasias,,D040,64,65,mystes
48,Maroneia,40.8776,25.5177,Dorkos,Metrodotou,D005,-150,-145,theoros
100,Maroneia,40.8776,25.5177,Epikrates,Haliarchou,D008,-200,-101,theoros
238,Maroneia,40.8776,25.5177,Neikostratos,Glaphurides,D041,75,125,mystes
231,Maroneia,40.8776,25.5177,Puthodoros,Demostratou,D040,64,65,mystes
101,Maroneia,40.8776,25.5177,Aristobou[l]os,Arist[--],D008,-200,-101,proxenos
239,Maroneia,40.8776,25.5177,Eisidoros,Epaphrodeitos,D041,75,125,mystes
234,Maroneia,40.8776,25.5177,Apollodoros ,Tol[…]ou,D041,75,125,mystes
101,Maroneia,40.8776,25.5177,Aristobou[l]os,Arist[--],D008,-200,-101,theoros
47,Maroneia,40.8776,25.5177,Diodotos,Zenonos,D005,-150,-145,proxenos
235,Maroneia,40.8776,25.5177,Euboula,Dionusiou,D041,75,125,mystes
705,Methymna,39.3683,26.1772,Pi[……],[------],D022,-250,,
459,Methymna,39.3683,26.1772,Iollas,,C020,-200,-101,
702,Methymna,39.3683,26.1772,Thymetas,Deina[…?]ou,D022,-250,,
703,Methymna,39.3683,26.1772,[------],Mindrou,D022,-250,,
704,Methymna,39.3683,26.1772,[Pr]ytanis,[-------],D022,-250,,
555,Mylasa,37.3176,27.7719,,,C051,,,priest of Theon Samothraikon used to date inscription
153,Mylasa,37.3176,27.7719,[…..]MOS,Philodemo[u],D012,-200,-175,proxenos
153,Mylasa,37.3176,27.7719,[…..]MOS,Philodemo[u],D012,-200,-175,theoros
154,Mylasa,37.3176,27.7719,[…]AMPH.ES,Hermiou,D012,-200,-175,proxenos
154,Mylasa,37.3176,27.7719,[…]AMPH.ES,Hermiou,D012,-200,-175,theoros
553,Mylasa,37.3176,27.7719,,,C050,,,priest of Theon Samothraikon used to date inscription
743,Myra,36.2591,29.9853,Euagoras,He[g]etoros,D024,-100,-100,
744,Myra,36.2591,29.9853,Eual<k>os,Ose<o>tou,D024,-100,-100,
745,Myra,36.2591,29.9853,Antigonos,Dromonos,D024,-100,-100,
753,Myrina Lemnos,39.8762,25.0588,Apollothemis,,D025,,,
754,Myrina Lemnos,39.8762,25.0588,Hieronymos,,D025,,,
110,Myrina Lemnos,39.8762,25.0588,[A]gath[o]stratos,Praxiphanou,D009,-200,-101,proxenos
110,Myrina Lemnos,39.8762,25.0588,[A]gath[o]stratos,Praxiphanou,D009,-200,-101,theoros
111,Myrina Lemnos,39.8762,25.0588,[Ph]i[li]ppos,Nikeratou,D009,-200,-101,proxenos
111,Myrina Lemnos,39.8762,25.0588,[Ph]i[li]ppos,Nikeratou,D009,-200,-101,theoros
42,Mytilene Lesbos,39.1094,26.5577,Diophanes,Zoilou,D005,-150,-145,theoros
41,Mytilene Lesbos,39.1094,26.5577,Kallippos,Eukleidou,D005,-150,-145,proxenos
41,Mytilene Lesbos,39.1094,26.5577,Kallippos,Eukleidou,D005,-150,-145,theoros
42,Mytilene Lesbos,39.1094,26.5577,Diophanes,Zoilou,D005,-150,-145,proxenos
46,Naxos,37.1077,25.3752,Sosik[- - - - - - - - - - - -],,D005,-150,-145,theoros
45,Naxos,37.1077,25.3752,Theokles,Numpho[d]or[o]u,D005,-150,-145,proxenos
45,Naxos,37.1077,25.3752,Theokles,Numpho[d]or[o]u,D005,-150,-145,theoros
46,Naxos,37.1077,25.3752,Sosik[- - - - - - - - - - - -],,D005,-150,-145,proxenos
132,Nysa,37.8949,28.1555,Theodoros,Apolloni[o]u,D009,-200,-101,theoros
132,Nysa,37.8949,28.1555,Theodoros,Apolloni[o]u,D009,-200,-101,proxenos
456,Odessos,43.2012,27.9226,Hermeios,Asklepiodorou,C012,-100,,
266,Odessos,43.2012,27.9226,[-----]v,Agathenoros,D046,40,45,mystes
272,Odessos,43.2012,27.9226,Gaios Aurelios,Markou,D046,40,45,mystes
273,Odessos,43.2012,27.9226,Agathonumos,Sosidamou,D046,40,45,mystes
452,Olbia,46.692,31.9015,Epikrates,Nikeratou,C001,-200,-100,
453,Olbia,46.692,31.9015,Anthesterios,,C002,-300,-200,
451,Olbia,46.692,31.9015,Eubiotos,Aristonos,C001,-200,-100,
716,Parium,40.420499,27.069096,[------],Apolloniou,D022,-250,,
722,Parium,40.420499,27.069096,Polydoros,Dionysodotou,D022,-250,,
717,Parium,40.420499,27.069096,[------,[-------] ou,D022,-250,,
718,Parium,40.420499,27.069096,Polyd[…..],Epigonou,D022,-250,,
723,Parium,40.420499,27.069096,Strategos,[…..]otheou,D022,-250,,
719,Parium,40.420499,27.069096,[---]ll[.]p[--- ,[------]nos,D022,-250,,
720,Parium,40.420499,27.069096,[---]p[---,.]y[…]menou,D022,-250,,
721,Parium,40.420499,27.069096,[--]y[----,[------]mo[u],D022,-250,,
73,Paros,37.0857,25.1545,Basileides ,Aristomenou,D005,-150,-145,proxenos
762,Paros,37.0857,25.1545,Dexitheos,Demostra[tou NNNNN,D027,-200,-100,
73,Paros,37.0857,25.1545,Basileides ,Aristomenou,D005,-150,-145,theoros
558,Paros,37.0857,25.1545,[---] ros  ,Andreou,D018,-100,-1,priesthood
763,Paros,37.0857,25.1545,Chairites,Timodorou,D028,-200,-100,
74,Paros,37.0857,25.1545,Hegekrates,Dionysiou,D005,-150,-145,proxenos
558,Paros,37.0857,25.1545,[---] ros  ,Andreou,D018,-100,-1,theoros (Fredrich: mystes eusebeis)
764,Paros,37.0857,25.1545,Chairis,Kritonos,D028,-200,-100,
74,Paros,37.0857,25.1545,Hegekrates,Dionysiou,D005,-150,-145,theoros
559,Paros,37.0857,25.1545,Apat?]ourios,Po[--o]u,D018,-100,-1,theoros (Fredrich: mystes eusebeis)
75,Paros,37.0857,25.1545,Demetrios ,Eumenous,D005,-150,-145,proxenos
560,Paros,37.0857,25.1545,Anti[--] le-,,D018,-100,-1,theoros (Fredrich: mystes eusebeis)
75,Paros,37.0857,25.1545,Demetrios ,Eumenous,D005,-150,-145,theoros
562,Patara (Arsinoe),36.2668,29.3178,Zopuro<s>,Spondou,D021,-200,-100,theoros
563,Patara (Arsinoe),36.2668,29.3178,Eudaimon,Thrasonos ,D021,-200,-100,theoros
641,Pergamon,39.132,27.1837,[…..]Y,RUS,D089,19,19,mystes
79,Pergamon,39.132,27.1837,Attalos,,D005,-150,-145,king
71,Pergamon,39.132,27.1837,Mandron,,D005,-150,-145,proxenos
71,Pergamon,39.132,27.1837,Mandron,,D005,-150,-145,theoros
72,Pergamon,39.132,27.1837,Apollotimos,,D005,-150,-145,proxenos
72,Pergamon,39.132,27.1837,Apollotimos,,D005,-150,-145,theoros
222,Perinthus/Heraclea,40.9687,27.9553,Muron,Proklou,D039,-100,200,mystes
223,Perinthus/Heraclea,40.9687,27.9553,Asklepiodotou,,D039,-100,200,mystes
761,Pherai (Thessaly),39.3829,22.7372,Lykiskou,Bathykleious,D026,-170,-140,
758,Pherai (Thessaly),39.3829,22.7372,Damothoinou,Leontoemous,D026,-170,-140,
759,Pherai (Thessaly),39.3829,22.7372,Philonikou,Philippou,D026,-170,-140,
760,Pherai (Thessaly),39.3829,22.7372,Pamphilou,Bathykleious,D026,-170,-140,
216,Philippi,41.0124,24.2833,[…]axon,,D038,-200,-1,mystes
281,Philippi,41.0124,24.2833,M. Antonios,Optatos,D048,101,300,mystes
104,Phokaia,38.6702,26.7588,Dionysios,Theodorou,D009,-200,-101,theoros
105,Phokaia,38.6702,26.7588,[..].DI.OS,Matriou,D009,-200,-101,proxenos
105,Phokaia,38.6702,26.7588,[..].DI.OS,Matriou,D009,-200,-101,theoros
104,Phokaia,38.6702,26.7588,Dionysios,Theodorou,D009,-200,-101,proxenos
409,Priapos,40.403338,27.303743,[----]s,Diogenous,D051,,,mystes
92,Priene,37.6591,27.2968,Nymphon,Kallikrato[u],D008,-200,-101,theoros
50,Priene,37.6591,27.2968,Phileas,Kratetos,D005,-150,-145,proxenos
18,Priene,37.6591,27.2968,Philios ,Thras<y>boulou,D003,-175,-125,theoros
143,Priene,37.6591,27.2968,Parmenion,Parmenio[nos],D010,-200,-1,proxenos
50,Priene,37.6591,27.2968,Phileas,Kratetos,D005,-150,-145,theoros
19,Priene,37.6591,27.2968,Basileides ,Apollodorou tou Pos<e>idoniou,D003,-175,-125,proxenos
91,Priene,37.6591,27.2968,Theomnestos,Akrisiou,D008,-200,-101,proxenos
19,Priene,37.6591,27.2968,Basileides ,Apollodorou tou Pos<e>idoniou,D003,-175,-125,theoros
91,Priene,37.6591,27.2968,Theomnestos,Akrisiou,D008,-200,-101,theoros
49,Priene,37.6591,27.2968,Moschion,Anaxilou,D005,-150,-145,proxenos
143,Priene,37.6591,27.2968,Parmenion,Parmenio[nos],D010,-200,-1,theoros
92,Priene,37.6591,27.2968,Nymphon,Kallikrato[u],D008,-200,-101,proxenos
49,Priene,37.6591,27.2968,Moschion,Anaxilou,D005,-150,-145,theoros
18,Priene,37.6591,27.2968,Philios ,Thras<y>boulou,D003,-175,-125,proxenos
463,Rhodes,36.444,28.2278,Ariadne,,C037,-100,-1,priesthood
397,Rhodes,36.444,28.2278,Damasa[…],,D050,-137,-1,mystes
65,Rhodes,36.444,28.2278,Philinnos,Zoilou,D005,-150,-145,proxenos
395,Rhodes,36.444,28.2278,Theudoros,Heragor[a],D050,-137,-1,epoptai
405,Rhodes,36.444,28.2278,[……]ios,,D050,-137,-1,mystes
392,Rhodes,36.444,28.2278,Damatrios,Amphoterou,D050,-137,-1,mystes
62,Rhodes,36.444,28.2278,Euaratos,Euaratou,D005,-150,-145,theoros
464,Rhodes,36.444,28.2278,Moschiona of Phasis,,C038,-100,-1,
398,Rhodes,36.444,28.2278,Agas[…],,D050,-137,-1,epoptai
390,Rhodes,36.444,28.2278,Sosikles,Eukrateus,D050,-137,-1,epoptai
65,Rhodes,36.444,28.2278,Philinnos,Zoilou,D005,-150,-145,theoros
395,Rhodes,36.444,28.2278,Theudoros,Heragor[a],D050,-137,-1,mystes
393,Rhodes,36.444,28.2278,Kallikrates,Damatriou,D050,-137,-1,epoptai
63,Rhodes,36.444,28.2278,Timapolis,Euphragorou,D005,-150,-145,proxenos
465,Rhodes,36.444,28.2278,Philonos,,C038a,,,priesthood
398,Rhodes,36.444,28.2278,Agas[…],,D050,-137,-1,mystes
390,Rhodes,36.444,28.2278,Sosikles,Eukrateus,D050,-137,-1,mystes
731,Rhodes,36.444,28.2278,AL[………..],,D023,-200,-1,
396,Rhodes,36.444,28.2278,Isidotos,,D050,-137,-1,epoptai
393,Rhodes,36.444,28.2278,Kallikrates,Damatriou,D050,-137,-1,mystes
63,Rhodes,36.444,28.2278,Timapolis,Euphragorou,D005,-150,-145,theoros
466,Rhodes,36.444,28.2278,Nikostrateion,,C038a,,,priesthood
399,Rhodes,36.444,28.2278,Dali[adas,Antipa]tro[u],D050,-137,-1,epoptai
391,Rhodes,36.444,28.2278,Peisikrates,Timaratou,D050,-137,-1,epoptai
732,Rhodes,36.444,28.2278,HERO.[………..],,D023,-200,-1,
406,Rhodes,36.444,28.2278,[----]kles,Philagrou,D051,,,mystes
396,Rhodes,36.444,28.2278,Isidotos,,D050,-137,-1,mystes
64,Rhodes,36.444,28.2278,Timapolios,,D005,-150,-145,proxenos
394,Rhodes,36.444,28.2278,Anaxikrates,Anaxikrate[us],D050,-137,-1,epoptai
511,Rhodes,36.444,28.2278,Aristomachidas,Aristomachou,C033,-200,-1,priest of Theon Samothrakwn
399,Rhodes,36.444,28.2278,Dali[adas,Antipa]tro[u],D050,-137,-1,mystes
391,Rhodes,36.444,28.2278,Peisikrates,Timaratou,D050,-137,-1,mystes
462,Rhodes,36.444,28.2278,Eustrata of Methymna,,C037,-100,-1,
397,Rhodes,36.444,28.2278,Damasa[…],,D050,-137,-1,epoptai
64,Rhodes,36.444,28.2278,Timapolios,,D005,-150,-145,theoros
394,Rhodes,36.444,28.2278,Anaxikrates,Anaxikrate[us],D050,-137,-1,mystes
392,Rhodes,36.444,28.2278,Damatrios,Amphoterou,D050,-137,-1,epoptai
62,Rhodes,36.444,28.2278,Euaratos,Euaratou,D005,-150,-145,proxenos
400,Rhodes,36.444,28.2278,Aristo[genes,Nikom]acho[u],D050,-137,-1,mystes
794,Rome,41.9029,12.4526,[-----]rius,,D104,165,166,
778,Rome,41.9029,12.4526,Philon,Scopus,D104,165,166,
579,Rome,41.9029,12.4526,Marcus,Baebius,D078,-59,-44,mystes
389,Rome,41.9029,12.4526,Sb(atina),,D049,-200,-1,mystes
815,Rome,41.9029,12.4526,[Epic?]TETUS,,D110,,,
636,Rome,41.9029,12.4526,Schinas,Rupilia,D089,19,19,epoptai
622,Rome,41.9029,12.4526,Anteros,,D081,-100,0,
672,Rome,41.9029,12.4526,Pilinus,A[,D096,-100,100,
656,Rome,41.9029,12.4526,[L]oukios,Athenion,D091,0,100,mystes
773,Rome,41.9029,12.4526,Appius,,D104,165,166,
693,Rome,41.9029,12.4526,Nicephorus,,D100,124,124,
298,Rome,41.9029,12.4526,Q. Clod<i>us Q. l. Agacles,,D014,-66,-66,mystes
810,Rome,41.9029,12.4526,]rius,,D108,,,
633,Rome,41.9029,12.4526,,Rufus,D088,18,18,mystes
617,Rome,41.9029,12.4526,Lucius,Cornelius,D081,-100,0,
667,Rome,41.9029,12.4526,[----]US,African[----],D095,75,125,
651,Rome,41.9029,12.4526,Epaphus,[……],D089,19,19,
768,Rome,41.9029,12.4526,Purpurio,,D101,,,
688,Rome,41.9029,12.4526,[------]alis,Peregrinus,D100,124,124,
293,Rome,41.9029,12.4526,L. Veneilius L. f. Pollion,,D015,-100,1,mystes
805,Rome,41.9029,12.4526,]cosmeta,Dorus,D107,,,
789,Rome,41.9029,12.4526,Felix,Augustor(um),D104,165,166,
612,Rome,41.9029,12.4526,[….]philus,Theodot[us,D081,-100,0,
574,Rome,41.9029,12.4526,Titus,Ofatulenu[s,D078,-59,-44,mystes
662,Rome,41.9029,12.4526,Titus,Cl[audius(?),D092,0,100,mystes
646,Rome,41.9029,12.4526,[…]mas,Opt[….],D089,19,19,
699,Rome,41.9029,12.4526,Auctus,,D100,124,124,
683,Rome,41.9029,12.4526,Epaphroditus,Tyrannus,D099,101,200,
800,Rome,41.9029,12.4526,]aris,Litus,D107,,,
784,Rome,41.9029,12.4526,Gemi[nus],,D104,165,166,
607,Rome,41.9029,12.4526,Marcus l(ibertus),Pamp[hilus],D080,-35,-35,mystes
569,Rome,41.9029,12.4526,Regius,,D076,-200,-100,mystes
640,Rome,41.9029,12.4526,Marius,Fructus,D089,19,19,epoptai
628,Rome,41.9029,12.4526,Marcus,Cusinius,D084,-8,-8,
678,Rome,41.9029,12.4526,Auphidianos,Ti(beriou),D097,0,200,
299,Rome,41.9029,12.4526,Diodo[t]us A[th]enogenis,,D014,-66,-66,mystes
795,Rome,41.9029,12.4526,Gaius,Lucci,D106,,,
779,Rome,41.9029,12.4526,Moschus,,D104,165,166,
580,Rome,41.9029,12.4526,Philosmusus,,D078,-59,-44,mystes
564,Rome,41.9029,12.4526,Leukio[u,,D075,-62,78,epoptai
816,Rome,41.9029,12.4526,Horatius,,D110,,,
636,Rome,41.9029,12.4526,Schinas,Rupilia,D089,19,19,mystes
623,Rome,41.9029,12.4526,Gaius,Axsius,D084,-8,-8,
673,Rome,41.9029,12.4526,Memno,SE.[,D096,-100,100,
657,Rome,41.9029,12.4526,[Koin]tos,Phlaoueios,D091,0,100,mystes
774,Rome,41.9029,12.4526,Dionysius,,D104,165,166,
694,Rome,41.9029,12.4526,Callistion,,D100,124,124,
811,Rome,41.9029,12.4526,,Eusebia,D108,,,
634,Rome,41.9029,12.4526,Gaius,Marius,D089,19,19,epoptai
618,Rome,41.9029,12.4526,Lucius l(ibertus),Alypus I,D081,-100,0,
668,Rome,41.9029,12.4526,[----]US,Success[----],D095,75,125,
652,Rome,41.9029,12.4526,Paideros,Sp[….],D089,19,19,
769,Rome,41.9029,12.4526,M.S. Le[na],Ponti[ano],D102,131,131,
689,Rome,41.9029,12.4526,Gaius,Maxsiminus,D100,124,124,
294,Rome,41.9029,12.4526,Dionysius L. se[r](vus),,D015,-100,1,mystes
806,Rome,41.9029,12.4526,]actator,Fortuna[tus,D107,,,
790,Rome,41.9029,12.4526,Onesimus,Verini,D104,165,166,
613,Rome,41.9029,12.4526,Gaius,M[arc]ellus,D081,-100,0,
575,Rome,41.9029,12.4526,Titus,Ofatulenus S[abinus?,D078,-59,-44,mystes
663,Rome,41.9029,12.4526,Marcus,AU,D093,0,100,mystes
647,Rome,41.9029,12.4526,Clenas,Sc[….],D089,19,19,
700,Rome,41.9029,12.4526,Euprepe[s],,D100,124,124,
684,Rome,41.9029,12.4526,P.,Curtilius,D100,124,124,
801,Rome,41.9029,12.4526,Di]onysides,Chresimus,D107,,,
785,Rome,41.9029,12.4526,Lydus,,D104,165,166,
608,Rome,41.9029,12.4526,Marcus,Aurelius M,D081,-100,0,
570,Rome,41.9029,12.4526,Lucius,Paull-,D077,-50,-49,
640,Rome,41.9029,12.4526,Marius,Fructus,D089,19,19,mystes
629,Rome,41.9029,12.4526,Marcus,Licini[us,D084,-8,-8,
695,Rome,41.9029,12.4526,[------]us,,D100,124,124,
679,Rome,41.9029,12.4526,Lucius,Pomponius,D098,116,116,mystes
300,Rome,41.9029,12.4526,Artemo Nearchi,,D014,-66,-66,mystes
796,Rome,41.9029,12.4526,Lucius,Lucci,D106,,,
780,Rome,41.9029,12.4526,Menan[der],,D104,165,166,
581,Rome,41.9029,12.4526,Beitus,,D078,-59,-44,mystes
565,Rome,41.9029,12.4526,Lek[mou,,D075,-62,78,epoptai
817,Rome,41.9029,12.4526,Mamios,,D115,,,
637,Rome,41.9029,12.4526,Quintus,f Quinta,D089,19,19,epoptai
624,Rome,41.9029,12.4526,Gauis [.F.--],Pomponi[us,D084,-8,-8,
674,Rome,41.9029,12.4526,Mnesima C.,,D096,-100,100,
658,Rome,41.9029,12.4526,[Hr]ouphos,Herm….ias,D091,0,100,mystes
775,Rome,41.9029,12.4526,Lycorus,,D104,165,166,
576,Rome,41.9029,12.4526,Publius,Curtius,D078,-59,-44,mystes
812,Rome,41.9029,12.4526,P.,Iu?]ventius,D110,,,
634,Rome,41.9029,12.4526,Gaius,Marius,D089,19,19,mystes
619,Rome,41.9029,12.4526,Titus,Annaeus,D081,-100,0,
669,Rome,41.9029,12.4526,[----]US,Diadumen[----],D095,75,125,
653,Rome,41.9029,12.4526,Tarula,Pa[….],D089,19,19,
770,Rome,41.9029,12.4526,Lucius Ceioni]o,Com[mo]-[do,D103,136,136,
690,Rome,41.9029,12.4526,[------]orus,Euanthes,D100,124,124,
295,Rome,41.9029,12.4526,Q. Acorenus Q. l. Alexsander,,D015,-100,1,mystes
807,Rome,41.9029,12.4526,Cle]mens,,D107,,,
791,Rome,41.9029,12.4526,T[i]granis,,D104,165,166,
614,Rome,41.9029,12.4526,Gaius l(ibertus),Herode[s,D081,-100,0,
664,Rome,41.9029,12.4526,Lutacius,,D094,65,65,mystes
648,Rome,41.9029,12.4526,Eoc[…],To[….],D089,19,19,
765,Rome,41.9029,12.4526,Gaius Modius,Asclepiades,D101,,,
685,Rome,41.9029,12.4526,Commodus,,D100,124,124,
802,Rome,41.9029,12.4526,Pr]iamus,Anthimius,D107,,,
786,Rome,41.9029,12.4526,Parthenopae[us],,D104,165,166,
609,Rome,41.9029,12.4526,Quintus,Masonius Sp,D081,-100,0,
571,Rome,41.9029,12.4526,Gaius,Lentul]o,D077,-50,-49,
643,Rome,41.9029,12.4526,,Lusius,D089,19,19,mystes
630,Rome,41.9029,12.4526,Lucius,Ter(etina) Proculus,D085,-25,50,mystes
696,Rome,41.9029,12.4526,Euporus,,D100,124,124,
680,Rome,41.9029,12.4526,Maximus,Flavius,D098,116,116,mystes
797,Rome,41.9029,12.4526,Lucius,Quinctius,D106,,,
781,Rome,41.9029,12.4526,Numenius,S,D104,165,166,
582,Rome,41.9029,12.4526,Diodo[r,,D078,-59,-44,mystes
566,Rome,41.9029,12.4526,Skreibo[ni,,D075,-62,78,epoptai
818,Rome,41.9029,12.4526,Gaius,Ailios,D116,100,400,
637,Rome,41.9029,12.4526,Quintus,f Quinta,D089,19,19,mystes
625,Rome,41.9029,12.4526,Gaius,Fictorius,D084,-8,-8,
675,Rome,41.9029,12.4526,Heraclio,MUC I [---?---],D096,-100,100,
659,Rome,41.9029,12.4526,[Ch]resimos,,D091,0,100,mystes
776,Rome,41.9029,12.4526,Zelotus,,D104,165,166,
615,Rome,41.9029,12.4526,Lucius,Petronius,D081,-100,0,
577,Rome,41.9029,12.4526,Publius l(libertus),I[,D078,-59,-44,mystes
387,Rome,41.9029,12.4526,Vol(tinia),,D049,-200,-1,mystes
813,Rome,41.9029,12.4526,P. filius,St]el(latina),D110,,,
635,Rome,41.9029,12.4526,Lucius,f Ste(llatina),D089,19,19,epoptai
620,Rome,41.9029,12.4526,Titus l(ibertus),Gem[inus?,D081,-100,0,
670,Rome,41.9029,12.4526,Philoni[s?,,D096,-100,100,
654,Rome,41.9029,12.4526,Felix,Xys[….],D089,19,19,
771,Rome,41.9029,12.4526,Se]xto,Vetu[leno],D103,136,136,
691,Rome,41.9029,12.4526,Pretiosus,,D100,124,124,
296,Rome,41.9029,12.4526,N(umerius)  [….]ni[…] l.  E . […]us,,D014,-66,-66,mystes
808,Rome,41.9029,12.4526,Daphnus,,D108,,,
792,Rome,41.9029,12.4526,Pasiphilus,,D104,165,166,
631,Rome,41.9029,12.4526,G(aius),Gavius,D086,6,6,
665,Rome,41.9029,12.4526,Gaius ,Julius Augu[rinus],D094,65,65,mystes
649,Rome,41.9029,12.4526,Pho[e]bus,[……],D089,19,19,
766,Rome,41.9029,12.4526,A. Vereius,Felix,D101,,,
686,Rome,41.9029,12.4526,[------]s,Ilctor,D100,124,124,
803,Rome,41.9029,12.4526,Phaestas,Asclas,D107,,,
787,Rome,41.9029,12.4526,Abascantus,,D104,165,166,
610,Rome,41.9029,12.4526,Lucius,Ofalius M l(ibertus) Oes..iu[sN-],D081,-100,0,
572,Rome,41.9029,12.4526,Titus,Ofatulenus,D078,-59,-44,mystes
644,Rome,41.9029,12.4526,Cedrus,An[….],D089,19,19,
697,Rome,41.9029,12.4526,Hermes,,D100,124,124,
681,Rome,41.9029,12.4526,[Sil]vanus,Q,D098,116,116,mystes
798,Rome,41.9029,12.4526,Gaius,Mispius,D106,,,
782,Rome,41.9029,12.4526,Pontius,Marcellus,D104,165,166,
605,Rome,41.9029,12.4526,Marcus,Servilius,D080,-35,-35,mystes
567,Rome,41.9029,12.4526,Skreb[,,D075,-62,78,epoptai
638,Rome,41.9029,12.4526,Lucius,Julius,D089,19,19,mystes
626,Rome,41.9029,12.4526,Gaius,Rustius,D084,-8,-8,
676,Rome,41.9029,12.4526,Lucumo,Vateri I[,D096,-100,100,
660,Rome,41.9029,12.4526,Lucius,Arrunti[us,D092,0,100,mystes
793,Rome,41.9029,12.4526,A. Fl(avius) ,Threptio,D104,165,166,
777,Rome,41.9029,12.4526,Phileys,,D104,165,166,
578,Rome,41.9029,12.4526,Antigonos,Titou,D078,-59,-44,mystes
388,Rome,41.9029,12.4526,Aninius,,D049,-200,-1,mystes
814,Rome,41.9029,12.4526,Celsus,,D110,,,
635,Rome,41.9029,12.4526,Lucius,f Ste(llatina),D089,19,19,mystes
621,Rome,41.9029,12.4526,Lepidus,,D081,-100,0,
671,Rome,41.9029,12.4526,Mnesima[,,D096,-100,100,
655,Rome,41.9029,12.4526,,Philipp[us,D090,48,48,mystes
772,Rome,41.9029,12.4526,[------]ius,,D104,165,166,
692,Rome,41.9029,12.4526,[------]hes,,D100,124,124,
297,Rome,41.9029,12.4526,L. Ne[.]ius,,D014,-66,-66,mystes
809,Rome,41.9029,12.4526,Pa]ntonicus,,D108,,,
645,Rome,41.9029,12.4526,Laetus,,D089,19,19,
632,Rome,41.9029,12.4526,P. Sextius,Lippinus Tarquitianus,D087,14,14,mystes
616,Rome,41.9029,12.4526,Lucius l(ibertus),Persicu[s,D081,-100,0,
666,Rome,41.9029,12.4526,[----]OR,Labeont[---],D095,75,125,
650,Rome,41.9029,12.4526,Paneros,[……],D089,19,19,
767,Rome,41.9029,12.4526,Bato,Batonis,D101,,,
687,Rome,41.9029,12.4526,Gaius Fadius,Endymion,D100,124,124,
804,Rome,41.9029,12.4526,]orarius,Eros,D107,,,
788,Rome,41.9029,12.4526,Zoticus,,D104,165,166,
611,Rome,41.9029,12.4526,Marcus,Considius Aristoni[cus,D081,-100,0,
573,Rome,41.9029,12.4526,Aulus,Furius,D078,-59,-44,mystes
698,Rome,41.9029,12.4526,Lacon,,D100,124,124,
682,Rome,41.9029,12.4526,Eutychus,Siger[us],D099,101,200,
799,Rome,41.9029,12.4526,E]utyches,,D107,,,
783,Rome,41.9029,12.4526,Iunius,,D104,165,166,
606,Rome,41.9029,12.4526,Marcus l(ibertus),Philo,D080,-35,-35,mystes
568,Rome,41.9029,12.4526,Anatellon,,D076,-200,-100,mystes
639,Rome,41.9029,12.4526,Spurius,f Pap(iria) Niger,D089,19,19,mystes
627,Rome,41.9029,12.4526,Gaius,F[--],D084,-8,-8,
677,Rome,41.9029,12.4526,G.,Ioulios,D097,0,200,
661,Rome,41.9029,12.4526,Titus,Claudius D[------],D092,0,100,mystes
85,Samos,37.6894,26.9418,Thales,Herakleidou,D006,-200,-101,theoros
83,Samos,37.6894,26.9418,Aderitos,Thersand[rou],D006,-200,-101,proxenos
57,Samos,37.6894,26.9418,Philoxenos,Drakontos,D005,-150,-145,proxenos
22,Samos,37.6894,26.9418,Aristippos ,<Ar?>menou vel Phamenou,D003,-175,-125,theoros
83,Samos,37.6894,26.9418,Aderitos,Thersand[rou],D006,-200,-101,theoros
20,Samos,37.6894,26.9418,Apoll<o>nios ,Melaineos,D003,-175,-125,proxenos
57,Samos,37.6894,26.9418,Philoxenos,Drakontos,D005,-150,-145,theoros
23,Samos,37.6894,26.9418,Hermeas ,Damokrate<o>s,D003,-175,-125,proxenos
84,Samos,37.6894,26.9418,Demetrios,Artemon[os],D006,-200,-101,proxenos
20,Samos,37.6894,26.9418,Apoll<o>nios ,Melaineos,D003,-175,-125,theoros
58,Samos,37.6894,26.9418,Theodektes,Protaidou,D005,-150,-145,proxenos
23,Samos,37.6894,26.9418,Hermeas ,Damokrate<o>s,D003,-175,-125,theoros
84,Samos,37.6894,26.9418,Demetrios,Artemon[os],D006,-200,-101,theoros
21,Samos,37.6894,26.9418,Archepolis ,Kallistratou,D003,-175,-125,proxenos
58,Samos,37.6894,26.9418,Theodektes,Protaidou,D005,-150,-145,theoros
56,Samos,37.6894,26.9418,Zoilos,Zoilou,D005,-150,-145,proxenos
21,Samos,37.6894,26.9418,Archepolis ,Kallistratou,D003,-175,-125,theoros
85,Samos,37.6894,26.9418,Thales,Herakleidou,D006,-200,-101,proxenos
706,Samos,37.6894,26.9418,[---]atios,[----]phou,D022,-250,,
56,Samos,37.6894,26.9418,Zoilos,Zoilou,D005,-150,-145,theoros
22,Samos,37.6894,26.9418,Aristippos ,<Ar?>menou vel Phamenou,D003,-175,-125,proxenos
82,Samothrace,40.5009,25.53,Pythagoras,Heraklei- | tou,D006,-200,-101,proxenos
739,Samothrace,40.5009,25.53,Apollonios,Apollomenou,D024,-100,-100,
82,Samothrace,40.5009,25.53,Pythagoras,Heraklei- | tou,D006,-200,-101,theoros
740,Samothrace,40.5009,25.53,Andronikos,Polynikou,D024,-100,-100,
80,Samothrace,40.5009,25.53,Le[tog]enos,tou Sosa[n]dridou,D005,-150,-145,basileus
10,Samothrace,40.5009,25.53,Theodoros,,D001,-200,-101,basileus
81,Samothrace,40.5009,25.53,[Dio]nysios,Muos,D006,-200,-101,proxenos
24,Samothrace,40.5009,25.53,Apollodoros ,tou Pytharatou,D003,-175,-125,agoranomos
81,Samothrace,40.5009,25.53,[Dio]nysios,Muos,D006,-200,-101,theoros
36,Samothrace,40.5009,25.53,[- - -]kleious,[- - -],D004,1,200,basileus
305,Sardis,38.48831,28.04029,[A]ntisthenes,Menodotou [tou] An[ti]sthenou Sardianos,D017,-100,1,mystes
191,Serrhai,41.0957,23.5438,Paramonos,Sdoliou,D033,101,200,mystes
442,Serrhai,41.0957,23.5438,Boiotos,Briareos,D053,-200,200,
68,Stratonikeia,37.3143,28.0632,Chrysaor,Artemidorou tou Iatroklei{ou}- | ous tou Glaukiou,D005,-150,-145,theoros
69,Stratonikeia,37.3143,28.0632,P[re]pon,{on} ydorou,D005,-150,-145,proxenos
69,Stratonikeia,37.3143,28.0632,P[re]pon,{on} ydorou,D005,-150,-145,theoros
303,Stratonikeia,37.3143,28.0632,Aristola[os--],kath' hyothesian de AN[----],D017,-100,1,theoros
70,Stratonikeia,37.3143,28.0632,Zoilos,Zoilou tou Arist[o]- | menou,D005,-150,-145,proxenos
304,Stratonikeia,37.3143,28.0632,Areus,Philokrato[u--],D017,-100,1,theoros
70,Stratonikeia,37.3143,28.0632,Zoilos,Zoilou tou Arist[o]- | menou,D005,-150,-145,theoros
68,Stratonikeia,37.3143,28.0632,Chrysaor,Artemidorou tou Iatroklei{ou}- | ous tou Glaukiou,D005,-150,-145,proxenos
447,Styberra,41.247786,21.395639,Antiphanes,Dioskour[i]dou,D053,-200,200,
183,Tegea,37.4555,22.4205,,Apolloniou,D031,,,mystes
88,Teos,38.1772,26.7852,Agathokles,Apoll[---],D006,-200,-101,proxenos
142,Teos,38.1772,26.7852,Neandros,Neandrou,D010,-200,-1,proxenos
88,Teos,38.1772,26.7852,Agathokles,Apoll[---],D006,-200,-101,theoros
142,Teos,38.1772,26.7852,Neandros,Neandrou,D010,-200,-1,theoros
552,Teos,38.1772,26.7852,Athenodotos,Metrodorou,C048,-150,-150,accompanies Samothrakiastai
552,Teos,38.1772,26.7852,Athenodotos,Metrodorou,C048,-150,-150,priesthood
141,Teos,38.1772,26.7852,Herophilos,Athenaiou,D010,-200,-1,proxenos
701,Teos,38.1772,26.7852,Apollonios,[….]ipidou,D022,-250,,
141,Teos,38.1772,26.7852,Herophilos,Athenaiou,D010,-200,-1,theoros
98,Thasos,40.7821,24.7178,Demeas,A[…]n[.]machou,D008,-200,-101,proxenos
436,Thasos,40.7821,24.7178,Kadmos,,D053,-200,200,
283,Thasos,40.7821,24.7178,Magianos,,D048,101,300,mystes
98,Thasos,40.7821,24.7178,Demeas,A[…]n[.]machou,D008,-200,-101,theoros
284,Thasos,40.7821,24.7178,Philostorgos,,D048,101,300,mystes
749,Thasos,40.7821,24.7178,Antiphon,Sophokleious,D024,-100,-100,
232,Thasos,40.7821,24.7178,[…..]teimia,Paramonou,D041,75,125,mystes
99,Thasos,40.7821,24.7178,Phanoleos,Sosipol[idos],D008,-200,-101,proxenos
285,Thasos,40.7821,24.7178,[N]umphikos,,D048,101,300,mystes
750,Thasos,40.7821,24.7178,Hie<r>on,Aristophontos,D024,-100,-100,
233,Thasos,40.7821,24.7178,[…..]dotos,Apolloniou,D041,75,125,mystes
99,Thasos,40.7821,24.7178,Phanoleos,Sosipol[idos],D008,-200,-101,theoros
413,Thasos,40.7821,24.7178,[----]ion,Mika,D051,,,mystes
751,Thasos,40.7821,24.7178,Diokles,Heg[e]siou,D024,-100,-100,
280,Thasos,40.7821,24.7178,Aristagoras,Eisidorou,D048,101,300,mystes
414,Thasos,40.7821,24.7178,[----],Mika,D051,,,mystes
752,Thasos,40.7821,24.7178,Amantinos,Philoxenou,D024,-100,-100,
282,Thasos,40.7821,24.7178,Philoumenos,,D048,101,300,mystes
184,Thera,36.3667,25.4773,Themistagoras ,Apollodorou,D031,,,mystes
510,Thera,36.3667,25.4773,Artemidoros,Apolloniou,C032,-250,1250,
201,Thessalonike,40.6377,22.9465,Phileros,Bithuos,D037,-38,43,mystes
202,Thessalonike,40.6377,22.9465,Archepolis ,Nikopoleos,D037,-38,43,mystes
198,Thessalonike,40.6377,22.9465,Klaudios,Sumphoros,D036,101,300,mystes
199,Thessalonike,40.6377,22.9465,Markios,Murismos,D036,101,300,mystes
200,Thessalonike,40.6377,22.9465,Philetairou,Demetriou,D037,-38,43,mystes
455,Tomis,44.1732,28.6584,Timaios,Stratonos,C006,,,
185,Torone 2,39.5141,20.1777,Kratidamos,Apollodorou,D031,,,mystes
279,Tralles,37.8443,27.8452,Amatokos,Demetriou,D047,-100,1,mystes
549,Troy/Ilium,39.9573,26.2389,Aristarche,Mikythou,C046,,,"dedicates altar for 561, 562"
549,Troy/Ilium,39.9573,26.2389,Aristarche,Mikythou,C046,,,priesthood
550,Troy/Ilium,39.9573,26.2389,Ptolemy the king,,C046,,,priesthood
551,Troy/Ilium,39.9573,26.2389,Arsinoe the queen,,C046,,,priesthood
435,Troy/Ilium,39.9573,26.2389,Antiphanes,Apolloniou,D053,-200,200,
437,Troy/Ilium,39.9573,26.2389,Apollonios,Antiphanou,D053,-200,200,
402,Xanthus (Lycia?),36.355934,29.31836,Theron,,D050,-137,-1,mystes